Username,Name
alexandriademskyyy,alexandria
_saahith_talasila_,Saahith Talasila
tandaily_dump,
shruthi_madhu,Shruthi Madhu
presnsqueaks,Prasanjit Sahoo
astreos_brainfuel,ASTREÂ°S
das_anushka20,nush
harishmukkapati,Harish Mukkapati
dhruv.palakkal,Dhruv Palakkal
vikasisreddy,Vikas Reddy
katie.morrisroe,Katie Morrisroe
deepta15,Deepta Paramasamy
hoboorca,Ty
kellyfeng26,Kelly
anushka.mehta02,Nush
ncharlton002,Noah Charlton
emmanuelkeyy,emmanuel
foreignbou,Dieynabou
_parisjada_,âœ¨Parisâœ¨
demigirl0fmars,Ã­sh
najchris11,Christian
tylerhagerman02,Tyler Hagerman
imnotrishi,Rishi
davantecooper,Davante
dhruvivapiwala,Dhruvi Vapiwala
saatthwiik_reddyy,Sathwik Reddy
aviinaash_choudhary,Avinash choudhary
slothcame,Slothcame
justsloth.ig7,Sloth
ajaymartimus,Addie Jay
anjanik12,Anjani
shashanknookala,shashank
ride_is_breath,ANIL
mfurkankolanci,Mustafa Furkan Kolanci
dualitycs,Duality
_andrewle,Andrew Le
_m_gans,Ganapathy
visher.ramuni,Visher
ashwinair2,ashwin
horvathcsenge.x,
mia.iseating,mia ğŸŒ®
dailymemeprovider,Daily Meme
monica_24332,TD
jamessaidy500,Lamin
shontrell_grayyy,
vanmathi2003,Vanmathi Santhanam
realwallrath_,
neeeelima24,Neelima Gopinath
vamsi_288,Vamsi
dulahstear,ğŸ†SELECTION OF WINNERğŸ†
matthewjk_27,Matthew Kuriakose
sachin23shah,Sachin Shah
faizaplug,Entrepreneur
jesse_gyimah,Jesse Gyimah
maddievillella_,Maddie:)
ashir__12,Ashir Faruq
theofficialmarto,Martins Udotai
aleah.litteral,Aleah Ammar Litteral
rajeshathilingam,Rajesh Athilingam
royazaza,âœ¨Drip Godâœ¨ (Zoya Raza)
gautamxsureshkumar,Gautam Sureshkumar
tuffale,Tuffale Yasir Mohamed
suriyvh,Suriyah
yashika_1852,Yashika Kuchanpally
emma_collle,Emma Cole
ummehani.motiwala,Ummehani Motiwala
mukund_tarimala,Mukund Tarimala
madhaba.naidu,Madhaba
rickymamidala,
ojalkakrecha,ojal
k_pamesa,Kaimo Pamesa
rahul.nalam,Rahul
nushbitesnsips,Nush Bites & Sips
jayramesh1854,Jay Ramesh
swethaaa.hari,Swetha Hariharan
ervincui16,Ervin Cui
a_tree210,Atreyee âœ¨
_ishikag,Ishika Gupta
kushi_malasani,Kushi Malasani
harikavandrasi,Harika Vandrasi
_amrina39_,AMRINA AKTER
sakshi.shashiraj,Sakshi Shashiraj
_jazzy.d_,Jaz:)
alec_noonan,Alec
kavya.a,Kavya
solomonbattagani,Solomon Battagani
dawei.lau,Da Wei Lau
love_afs_,Afrah
shailee2019,Shailee Shah
tvuligadla,Thulasi Vuligadla
mikkel.alvarez,mik
trinab____,Trina Bhattacharyya
nitya.kk,nitya kondapalli
annadonsky,anna donsky
dipika.r.das,Dipika DasğŸ¹
shreakumar,SHREA
sunnythesunchip,sunny
cscosu,Cyber Security Club @ OSU
v_narayan6,Vidhur Narayan
varshaathilingam,Varsha
hari_potham,Narahari Pothamsetty
ankit.patel_,Ankit Patel
nyge14._,Nyge
abood_mo20,Abood
nikhita.tammina,Nikhita Tammina
ethan_poto03,Ethan Potoczak
rawguv,Raghav Subramanian
pranav_siddamreddy,Pranav Siddamreddy
tinyshankers,Tim Coleman
kiren.manoharan3,Kiren Manoharan
manasaprabhala,Manasa
emmakruse42,Emma KruseğŸŒ»
saniya.singhvi,Saniya Singhvi
driti.veerapuram,Driti Veerapuram
gagne11,Colin GagneÌ
montgomerryyyy,Monty
janavibhatt,Janavi Bhatt
suchii.p,Suchi Patel
benxkim,ben
the_tommy.d,Tommy Donohoe
_seth.thompson_,Seth Thompson
adarsh_chitti4,Adarsh Chitti
lee.g.gilbert,Lee G. Gilbert
laraschoberr,lara
sheetansha,sheetanshağŸ«§
namanamin2022,Naman Amin
nayana.reddyy,Nayana Reddy
nainakarnati,Naina Karnati
antheaweisman,anthea ğŸ¦‹ğŸ£ğŸ ğŸ«§ğŸ§¿
janvii.ii,Janvi Patel
manasvinikumaraswamy,Manasvini Kumaraswamy
satheesh.ramesh.91,Satheesh R
tithi_b,Tithi Bhattacharyya
therealsud_,Sudhansh
kurtbouska,Kurt Bouska
xavier_soccer_13,Xavier El-Shazly
eainianian,Eain
sanjj_1,Sanjay Janardhan
apuuurva,Apurva
jacksayre,Jack Sayre
armaansodhi7,Armaan Sodhi
smittyca,Craig Smith
nikhitha.vellanki,Nikhitha Vellanki
thomsin_rose,Thomsin Jyotshna
maddddi_cor12,Maddison Cornish
lucianacinaa,luciğŸªğŸ§¿
rainachada,raina chada
anna_hahn,anna hahn
ryan_loynes,Ryan LoynesğŸŒŒ
prod_by_isaac,Isaac Mattern â™ª Producer
sahil_kholwadwala,sahil kholwadwala!
hannahhmitchelll,hannah ğŸª
swetthaa,Swetha
piya.prmr,Piya Parmar
jono.strunck,Jono
lambertaubrie,Aubrie Lambert
pete_robie1,Peter Robie
g_nerone,Garrett Nerone
liah.miller7,liah
eian.z,Eian Zachmann
_pranavchati_,Pranav Chati
arya_tamaskar,Arya
hiyapatel_,HIYA PATELğŸ¤â˜ï¸
afifaljamil,Afif Jamil
arya.kumar1,Arya Kumar
om.p4tel,om patel
johnny._.1020,
haydenmiller44,Hayden Miller
prasunapav21,prasuna pavuluri
christian.connolly,Christian Connolly
nyja.14_,Nyja Gowda
ilanachestney,Ilana
mia.marcellana,miağŸ«¶ğŸ½
karthika02,Karthika Shankar
wheaties070,Wesley Shen
tanisha_mukk,Tanisha Mukherjee
manukoppella,Manushree Koppella
anthony.villella,Anthony Villella
mike_erickson35,Michael Erickson
wyatt.hagedorn,Wyatt Hagedorn
kopp_cameron,Cameron Kopp
steph.c.hirsch,steph hirsch
nivesmyers,Nives
ankit_r_kumar,Ankit Kumar
im_arijitd,Arijit Das
skimook,Mook
kentaaa1102,ç”°æ‘å¥å¤ª
kailash.sastry,Kailash
bhomikaa_29,Bhomikaa Raya
jahan.zu,Jahan Uddin
amanda.holowaty,Amanda
j_wolfe03,Josh Wolfe
josh.m.smith,Josh Smith
akhildamarla,Akhil Damarla
trentonmajka,Trenton Majka
ashchar03,Ashwin Char
fraas.david,David
ajabreo,alex
vincema11,Vincent Ma
aneetej,Aneetej Arora
_ashleytarrant,ashley tarrant
priyasrinivasann,Priya Srinivasan
shivani.45,
_anvithaaa,Anvitha Gogineni
mason.pierce.96155,Mason Pierce
ritiki.c,Ritika
trojan_2021,Sawyer Ramsey
i2a1ah,Isaiah
sachi.desai,Sachi Desai
alright_eric,Eric Verway-Cohen
srivastava_nitish,Nitish Srivastava
carolinebwill,caroline williams
bretmshaffer,Bret Shaffer
ajay.is.tan,Ajay Tandon
emma.ralph,Emma Ralph
dhillon.angad21,Angad Dhillon
mayankbongani,Mayank
mikkel.the.hunter,Mikkel Sharwar
emelia_belet,Emelia Belet
6603julie,Julie Jilson
marianne_servin_,Marianneâ¤ï¸
stepperkevon,thatdudekevon
brouadjoua10,Emma Mila
deanofrm614,Mac Wop ğŸ¤µğŸ»â€â™‚ï¸ğŸŒ¹
sajeetha_r,Sajeetha Vignesh
celine.ertin,celine
velanrajmohan,Velan
oajd907,
_.emmalewis._,Emma Lewis
priya_matreja,Priya M
anish.venkat,Anish Venkat
nee1b_patel,Neel
justadam.19,Adam
kyle_kp,Kyle Blankenhorn
farhan.mk21,Farhan Masood
ryan.l_,Ryan Lim
siddharth.gadepalli,Siddharth Gadepalli
trig.jegman,Josh Reichard
nellyyy.2927,Nelly Azar
ishadavit,Isha Davit
anish.chitti,Anish
gradyisaly,grad
abhiram_rustagi,Abhiram|à¤…à¤­à¤¿à¤°à¤¾à¤®
the_evgally,Evan Gallagher
avipopat,Avi Popat
dbatt17,Deborah Battagani
nithish.spam,Nithish Spam
meera_nair28,â€¢meeraâ€¢
sridharisboss,
john_fuchik,John Fuchik
arvind.kumar02,Arvind Kumar
sparshhk,sparsh kustagishettar
mo.jama44,Mo Jama
jonathans165,Jonathan Steinke
andres.lpz,Andres
sanskrutiadmane,Sanskruti | à¤¸à¤‚à¤¸à¥à¤•à¥ƒà¤¤à¤¿
cdixon513,Corinne
ohas_baka,Ojas Deshpande
anishrajaram,Anish
sgupta25,sarvesh gupta
jillianflowers_,jillian flowers
_anwilliam_,William
andyc4096,Andy Clemens
yengorachel,Rachel Yengo
imontgomery17,Ian Montgomery
ridvangureycan,Ridvan
anutam.s,Anutam Srinivasan
mo20750,Mo Khan
motivationalmadan,Rohan
the.og.anurag_c,Anurag
vikesh_pajany,Vikesh
pippali.indra02,indra pippali
mohithkankanala,Mohith Kankanala
nithin.the.nithin,Nithin Anand
long_gone_108,Unknown.
kishore._.7,Kishore Prakash
r0hanmadan,Rohan Madan
harsh_gaur27,Harshit Gaur
shashwat.ra0,Shashwat Rao
bigdave0426,David Battagani
jaysinghal02,Jayant Singhal
suvan_dommeti,Suvan Dommeti
mohamedelzubeir_,Ù…Ø­Ù…Ø¯ Ø§Ù„Ø²Ø¨ÙŠØ±
